PKEY|CON_ID|OWNER|OBJECT_TYPE|EDITIONABLE|COUNT|DMA_SOURCE_ID|DMA_MANUAL_ID
instance-1_NOK19ORC_052324130616|3|MOCKSCHEMA|SEQUENCE||3|instance-1_nok19orcl_729121870|'NA'
instance-1_NOK19ORC_052324130616|3|MOCKSCHEMA|TYPE|Y|1|instance-1_nok19orcl_729121870|'NA'
instance-1_NOK19ORC_052324130616|3|SYS|DIRECTORY||13|instance-1_nok19orcl_729121870|'NA'
instance-1_NOK19ORC_052324130616|3|MOCKSCHEMA|TABLE||17|instance-1_nok19orcl_729121870|'NA'
instance-1_NOK19ORC_052324130616|3|MOCKSCHEMA|INDEX||25|instance-1_nok19orcl_729121870|'NA'
instance-1_NOK19ORC_052324130616|3|SAMET|TABLE||1|instance-1_nok19orcl_729121870|'NA'
instance-1_NOK19ORC_052324130616|3|MOCKSCHEMA|LOB||2|instance-1_nok19orcl_729121870|'NA'
instance-1_NOK19ORC_052324130616|3|MOCKSCHEMA|VIEW|Y|12|instance-1_nok19orcl_729121870|'NA'
