PKEY|CON_ID|OWNER|TRIGGER_NAME|TABLE_NAME|STATUS|DMA_SOURCE_ID|DMA_MANUAL_ID
oracle|1|GSMADMIN_INTERNAL|CAT_ROLLBACK_TRIGGER|GSM_REQUESTS|ENABLED|Oracle|
oracle|1|GSMADMIN_INTERNAL|DONE_TRIGGER|GSM_REQUESTS|ENABLED|Oracle|
oracle|1|GSMADMIN_INTERNAL|GSMLOGOFF||ENABLED|Oracle|
oracle|1|GSMADMIN_INTERNAL|REQUEST_DELETE_TRIGGER|GSM_REQUESTS|ENABLED|Oracle|
oracle|1|GSMADMIN_INTERNAL|VNCR_INSERT|VNCR|ENABLED|Oracle|
oracle|1|LBACSYS|LBAC$AFTER_CREATE||DISABLED|Oracle|
oracle|1|LBACSYS|LBAC$AFTER_DROP||DISABLED|Oracle|
oracle|1|LBACSYS|LBAC$BEFORE_ALTER||DISABLED|Oracle|
oracle|1|MDSYS|CHK_SDO_DIMNAME|SDO_GEOM_METADATA_TABLE|ENABLED|Oracle|
oracle|1|MDSYS|CS_SRS_TRIGGER|CS_SRS|ENABLED|Oracle|
oracle|1|MDSYS|OGIS_CRS_DELETE_TRIGGER|OGIS_SPATIAL_REFERENCE_SYSTEMS|ENABLED|Oracle|
oracle|1|MDSYS|OGIS_CRS_INSERT_TRIGGER|OGIS_SPATIAL_REFERENCE_SYSTEMS|ENABLED|Oracle|
oracle|1|MDSYS|SDO_ANNOT_TRIG_INS1|USER_ANNOTATION_TEXT_METADATA|ENABLED|Oracle|
oracle|1|MDSYS|SDO_COORD_OPS_TRIGGER|SDO_COORD_OPS|ENABLED|Oracle|
oracle|1|MDSYS|SDO_COORD_OP_METHODS_TRIGGER|SDO_COORD_OP_METHODS|ENABLED|Oracle|
oracle|1|MDSYS|SDO_COORD_OP_PARAM_VAL_TRIGG2|SDO_COORD_OP_PARAM_VALS|ENABLED|Oracle|
oracle|1|MDSYS|SDO_COORD_OP_PARAM_VAL_TRIGGER|SDO_COORD_OP_PARAM_VALS|ENABLED|Oracle|
oracle|1|MDSYS|SDO_COORD_OP_PATHS_TRIGGER|SDO_COORD_OP_PATHS|ENABLED|Oracle|
oracle|1|MDSYS|SDO_COORD_REF_SRID_INSERT|SDO_COORD_REF_SYS|ENABLED|Oracle|
oracle|1|MDSYS|SDO_COORD_REF_SRID_UPDATE|SDO_COORD_REF_SYS|ENABLED|Oracle|
oracle|1|MDSYS|SDO_CRS_DELETE_TRIGGER|SDO_COORD_REF_SYSTEM|ENABLED|Oracle|
oracle|1|MDSYS|SDO_CRS_GEOG_SRID_UPDATE|SDO_CRS_GEOGRAPHIC_PLUS_HEIGHT|ENABLED|Oracle|
oracle|1|MDSYS|SDO_CRS_INSERT_TRIGGER|SDO_COORD_REF_SYSTEM|ENABLED|Oracle|
oracle|1|MDSYS|SDO_CSW_TRIGGER_DEL1|USER_SDO_CSW_SERVICE_INFO|ENABLED|Oracle|
oracle|1|MDSYS|SDO_CSW_TRIGGER_INS1|USER_SDO_CSW_SERVICE_INFO|ENABLED|Oracle|
oracle|1|MDSYS|SDO_CSW_TRIGGER_UPD1|USER_SDO_CSW_SERVICE_INFO|ENABLED|Oracle|
oracle|1|MDSYS|SDO_CS_SRS_SRID_INSERT|SDO_CS_SRS|ENABLED|Oracle|
oracle|1|MDSYS|SDO_CS_SRS_SRID_UPDATE|SDO_CS_SRS|ENABLED|Oracle|
oracle|1|MDSYS|SDO_DROP_USER||ENABLED|Oracle|
oracle|1|MDSYS|SDO_FEATURE_USAGE_UPDATE|SDO_FEATURE_USAGE|ENABLED|Oracle|
oracle|1|MDSYS|SDO_GEOM_METADATA_UPDATE|SDO_GEOM_METADATA_TABLE|ENABLED|Oracle|
oracle|1|MDSYS|SDO_GEOM_TRIG_DEL1|USER_SDO_GEOM_METADATA|ENABLED|Oracle|
oracle|1|MDSYS|SDO_GEOM_TRIG_INS1|USER_SDO_GEOM_METADATA|ENABLED|Oracle|
oracle|1|MDSYS|SDO_GEOM_TRIG_UPD1|USER_SDO_GEOM_METADATA|ENABLED|Oracle|
oracle|1|MDSYS|SDO_GEOR_TRIG_DEL1|USER_SDO_GEOR_SYSDATA|ENABLED|Oracle|
oracle|1|MDSYS|SDO_GEOR_TRIG_DEL2|SDO_GEOR_SYSDATA_TABLE|ENABLED|Oracle|
oracle|1|MDSYS|SDO_GEOR_TRIG_INS1|USER_SDO_GEOR_SYSDATA|ENABLED|Oracle|
oracle|1|MDSYS|SDO_GEOR_TRIG_UPD1|USER_SDO_GEOR_SYSDATA|ENABLED|Oracle|
oracle|1|MDSYS|SDO_INDEX_METADATA_UPDATE|SDO_INDEX_METADATA_TABLE|ENABLED|Oracle|
oracle|1|MDSYS|SDO_LRS_TRIG_DEL|USER_SDO_LRS_METADATA|ENABLED|Oracle|
oracle|1|MDSYS|SDO_LRS_TRIG_INS|USER_SDO_LRS_METADATA|ENABLED|Oracle|
oracle|1|MDSYS|SDO_LRS_TRIG_UPD|USER_SDO_LRS_METADATA|ENABLED|Oracle|
oracle|1|MDSYS|SDO_MODEL_FTLAYER_TRIG_DEL|USER_SDO_NFE_MODEL_FTLAYER_REL|ENABLED|Oracle|
oracle|1|MDSYS|SDO_MODEL_FTLAYER_TRIG_INS|USER_SDO_NFE_MODEL_FTLAYER_REL|ENABLED|Oracle|
oracle|1|MDSYS|SDO_MODEL_FTLAYER_TRIG_UPD|USER_SDO_NFE_MODEL_FTLAYER_REL|ENABLED|Oracle|
oracle|1|MDSYS|SDO_NETWORK_CONS_DEL_TRIG|USER_SDO_NETWORK_CONSTRAINTS|ENABLED|Oracle|
oracle|1|MDSYS|SDO_NETWORK_CONS_INS_TRIG|USER_SDO_NETWORK_CONSTRAINTS|ENABLED|Oracle|
oracle|1|MDSYS|SDO_NETWORK_CONS_UPD_TRIG|USER_SDO_NETWORK_CONSTRAINTS|ENABLED|Oracle|
oracle|1|MDSYS|SDO_NETWORK_HIS_DEL_TRIG|USER_SDO_NETWORK_HISTORIES|ENABLED|Oracle|
oracle|1|MDSYS|SDO_NETWORK_HIS_INS_TRIG|USER_SDO_NETWORK_HISTORIES|ENABLED|Oracle|
oracle|1|MDSYS|SDO_NETWORK_HIS_UPD_TRIG|USER_SDO_NETWORK_HISTORIES|ENABLED|Oracle|
oracle|1|MDSYS|SDO_NETWORK_JAVA_DEL_TRIG|USER_SDO_NETWORK_JAVA_OBJECTS|ENABLED|Oracle|
oracle|1|MDSYS|SDO_NETWORK_JAVA_INS_TRIG|USER_SDO_NETWORK_JAVA_OBJECTS|ENABLED|Oracle|
oracle|1|MDSYS|SDO_NETWORK_JAVA_UPD_TRIG|USER_SDO_NETWORK_JAVA_OBJECTS|ENABLED|Oracle|
oracle|1|MDSYS|SDO_NETWORK_LOCKS_DEL_TRIG|USER_SDO_NETWORK_LOCKS_WM|ENABLED|Oracle|
oracle|1|MDSYS|SDO_NETWORK_LOCKS_INS_TRIG|USER_SDO_NETWORK_LOCKS_WM|ENABLED|Oracle|
oracle|1|MDSYS|SDO_NETWORK_LOCKS_UPD_TRIG|USER_SDO_NETWORK_LOCKS_WM|ENABLED|Oracle|
oracle|1|MDSYS|SDO_NETWORK_TIME_DEL_TRIG|USER_SDO_NETWORK_TIMESTAMPS|ENABLED|Oracle|
oracle|1|MDSYS|SDO_NETWORK_TIME_INS_TRIG|USER_SDO_NETWORK_TIMESTAMPS|ENABLED|Oracle|
oracle|1|MDSYS|SDO_NETWORK_TIME_UPD_TRIG|USER_SDO_NETWORK_TIMESTAMPS|ENABLED|Oracle|
oracle|1|MDSYS|SDO_NETWORK_TRIG_DEL|USER_SDO_NETWORK_METADATA|ENABLED|Oracle|
oracle|1|MDSYS|SDO_NETWORK_TRIG_INS|USER_SDO_NETWORK_METADATA|ENABLED|Oracle|
oracle|1|MDSYS|SDO_NETWORK_TRIG_UPD|USER_SDO_NETWORK_METADATA|ENABLED|Oracle|
oracle|1|MDSYS|SDO_NETWORK_UD_DEL_TRIG|USER_SDO_NETWORK_USER_DATA|ENABLED|Oracle|
oracle|1|MDSYS|SDO_NETWORK_UD_INS_TRIG|USER_SDO_NETWORK_USER_DATA|ENABLED|Oracle|
oracle|1|MDSYS|SDO_NETWORK_UD_UPD_TRIG|USER_SDO_NETWORK_USER_DATA|ENABLED|Oracle|
oracle|1|MDSYS|SDO_NFE_MODEL_TRIG_DEL|USER_SDO_NFE_MODEL_METADATA|ENABLED|Oracle|
oracle|1|MDSYS|SDO_NFE_MODEL_TRIG_INS|USER_SDO_NFE_MODEL_METADATA|ENABLED|Oracle|
oracle|1|MDSYS|SDO_NFE_MODEL_TRIG_UPD|USER_SDO_NFE_MODEL_METADATA|ENABLED|Oracle|
oracle|1|MDSYS|SDO_NFE_WORKSPACE_TRIG_DEL|USER_SDO_NFE_MODEL_WORKSPACE|ENABLED|Oracle|
oracle|1|MDSYS|SDO_NFE_WORKSPACE_TRIG_INS|USER_SDO_NFE_MODEL_WORKSPACE|ENABLED|Oracle|
oracle|1|MDSYS|SDO_NFE_WORKSPACE_TRIG_UPD|USER_SDO_NFE_MODEL_WORKSPACE|ENABLED|Oracle|
oracle|1|MDSYS|SDO_PREFERRED_OPS_SYSTEM_TRIG|SDO_PREFERRED_OPS_SYSTEM|ENABLED|Oracle|
oracle|1|MDSYS|SDO_PREFERRED_OPS_SYS_TRIGGER|SDO_PREFERRED_OPS_SYSTEM|ENABLED|Oracle|
oracle|1|MDSYS|SDO_PREFERRED_OPS_USER_TRIGGER|SDO_PREFERRED_OPS_USER|ENABLED|Oracle|
oracle|1|MDSYS|SDO_ST_SYN_CREATE||ENABLED|Oracle|
oracle|1|MDSYS|SDO_TOPO_DROP_FTBL||DISABLED|Oracle|
oracle|1|MDSYS|SDO_TOPO_TRIG_INS1|SDO_TOPO_TRANSACT_DATA$|ENABLED|Oracle|
oracle|1|MDSYS|SDO_UNITS_OF_MEASURE_TRIGGER|SDO_UNITS_OF_MEASURE|ENABLED|Oracle|
oracle|1|WMSYS|NO_VM_DDL||DISABLED|Oracle|
oracle|1|WMSYS|NO_VM_DROP_A||DISABLED|Oracle|
oracle|1|WMSYS|WM$BCT_I_TRIG|WM$BATCH_COMPRESSIBLE_TABLES|ENABLED|Oracle|
oracle|1|WMSYS|WM$CC_I_TRIG|WM$CONS_COLUMNS|ENABLED|Oracle|
oracle|1|WMSYS|WM$CP_D_TRIG|WM$COLUMN_PROPS|ENABLED|Oracle|
oracle|1|WMSYS|WM$CP_I_TRIG|WM$COLUMN_PROPS|ENABLED|Oracle|
oracle|1|WMSYS|WM$CP_U_TRIG|WM$COLUMN_PROPS|ENABLED|Oracle|
oracle|1|WMSYS|WM$CT_I_TRIG|WM$CONSTRAINTS_TABLE|ENABLED|Oracle|
oracle|1|WMSYS|WM$CT_U_TRIG|WM$CONSTRAINTS_TABLE|ENABLED|Oracle|
oracle|1|WMSYS|WM$EI_I_TRIG|WM$EVENTS_INFO|ENABLED|Oracle|
oracle|1|WMSYS|WM$EI_U_TRIG|WM$EVENTS_INFO|ENABLED|Oracle|
oracle|1|WMSYS|WM$EV_I_TRIG|WM$ENV_VARS|ENABLED|Oracle|
oracle|1|WMSYS|WM$HT_I_TRIG|WM$HINT_TABLE|ENABLED|Oracle|
oracle|1|WMSYS|WM$LI_I_TRIG|WM$LOCKROWS_INFO|ENABLED|Oracle|
oracle|1|WMSYS|WM$MGWT_I_TRIG|WM$MP_GRAPH_WORKSPACES_TABLE|ENABLED|Oracle|
oracle|1|WMSYS|WM$MPWT_I_TRIG|WM$MP_PARENT_WORKSPACES_TABLE|ENABLED|Oracle|
oracle|1|WMSYS|WM$MT_I_TRIG|WM$MODIFIED_TABLES|ENABLED|Oracle|
oracle|1|WMSYS|WM$MW_I_TRIG|WM$MW_TABLE|ENABLED|Oracle|
oracle|1|WMSYS|WM$NCT_I_TRIG|WM$NESTED_COLUMNS_TABLE|ENABLED|Oracle|
oracle|1|WMSYS|WM$NT_I_TRIG|WM$NEXTVER_TABLE|ENABLED|Oracle|
oracle|1|WMSYS|WM$RLT_I_TRIG|WM$RIC_LOCKING_TABLE|ENABLED|Oracle|
oracle|1|WMSYS|WM$RTT_I_TRIG|WM$RIC_TRIGGERS_TABLE|ENABLED|Oracle|
oracle|1|WMSYS|WM$RT_D_TRIG|WM$RIC_TABLE|ENABLED|Oracle|
oracle|1|WMSYS|WM$RT_I_TRIG|WM$RIC_TABLE|ENABLED|Oracle|
oracle|1|WMSYS|WM$RWT_I_TRIG|WM$RESOLVE_WORKSPACES_TABLE|ENABLED|Oracle|
oracle|1|WMSYS|WM$SAV_I_TRIG|WM$SYSPARAM_ALL_VALUES|ENABLED|Oracle|
oracle|1|WMSYS|WM$UDP_I_TRIG|WM$UDTRIG_DISPATCH_PROCS|ENABLED|Oracle|
oracle|1|WMSYS|WM$UD_U_TRIG|WM$UDTRIG_INFO|ENABLED|Oracle|
oracle|1|WMSYS|WM$UI_I_TRIG|WM$UDTRIG_INFO|ENABLED|Oracle|
oracle|1|WMSYS|WM$VET_I_TRIG|WM$VT_ERRORS_TABLE|ENABLED|Oracle|
oracle|1|WMSYS|WM$VET_U_TRIG|WM$VT_ERRORS_TABLE|ENABLED|Oracle|
oracle|1|WMSYS|WM$VHT_I_TRIG|WM$VERSION_HIERARCHY_TABLE|ENABLED|Oracle|
oracle|1|WMSYS|WM$VTH_D_TRIG|WM$VERSIONED_TABLES$H|ENABLED|Oracle|
oracle|1|WMSYS|WM$VTH_I_TRIG|WM$VERSIONED_TABLES$H|ENABLED|Oracle|
oracle|1|WMSYS|WM$VTH_NT_D_TRIG|WM$VERSIONED_TABLES$H|ENABLED|Oracle|
oracle|1|WMSYS|WM$VTH_NT_I_TRIG|WM$VERSIONED_TABLES$H|ENABLED|Oracle|
oracle|1|WMSYS|WM$VTH_U_TRIG|WM$VERSIONED_TABLES$H|ENABLED|Oracle|
oracle|1|WMSYS|WM$VT_I_TRIG|WM$VERSION_TABLE|ENABLED|Oracle|
oracle|1|WMSYS|WM$WPT_D_TRIG|WM$WORKSPACE_PRIV_TABLE|ENABLED|Oracle|
oracle|1|WMSYS|WM$WPT_I_TRIG|WM$WORKSPACE_PRIV_TABLE|ENABLED|Oracle|
oracle|1|WMSYS|WM$WPT_U_TRIG|WM$WORKSPACE_PRIV_TABLE|ENABLED|Oracle|
oracle|1|WMSYS|WM$WST_I_TRIG|WM$WORKSPACE_SAVEPOINTS_TABLE|ENABLED|Oracle|
oracle|1|WMSYS|WM$WT_D_TRIG|WM$WORKSPACES_TABLE$D|ENABLED|Oracle|
oracle|1|WMSYS|WM$WT_I_TRIG|WM$WORKSPACES_TABLE$D|ENABLED|Oracle|
oracle|1|WMSYS|WM$WT_U_TRIG|WM$WORKSPACES_TABLE$D|ENABLED|Oracle|
oracle|1|XDB|XDB$ACL$xd|XDB$ACL|ENABLED|Oracle|
oracle|1|XDB|XDB$CONFIG$xd|XDB$CONFIG|ENABLED|Oracle|
oracle|1|XDB|XDB$RESCONFIG$xd|XDB$RESCONFIG|ENABLED|Oracle|
oracle|1|XDB|XDB$STATS$xd|XDB$STATS|ENABLED|Oracle|
oracle|1|XDB|XDBCONFIG_VALIDATE|XDB$CONFIG|ENABLED|Oracle|
oracle|1|XDB|XDB_PV_TRIG|PATH_VIEW|ENABLED|Oracle|
oracle|1|XDB|XDB_RV_TRIG|RESOURCE_VIEW|ENABLED|Oracle|
