pkey|con_id|owner|object_name|object_type|dma_source_id|dma_manual_id
postgres|1|MOCKSCHEMA|COUNTRIES|TABLE|Postgres|
postgres|1|MOCKSCHEMA|COUNTRIES_DEMO|TABLE|Postgres|
postgres|1|MOCKSCHEMA|COUNTRY_C_ID_PK|INDEX|Postgres|
postgres|1|MOCKSCHEMA|COUNTRY_C_ID_PK_DEMO|INDEX|Postgres|
postgres|1|MOCKSCHEMA|DEPARTMENTS|TABLE|Postgres|
postgres|1|MOCKSCHEMA|DEPARTMENTS_SEQ|SEQUENCE|Postgres|
postgres|1|MOCKSCHEMA|DEPT_ID_PK|INDEX|Postgres|
postgres|1|MOCKSCHEMA|DEPT_LOCATION_IX|INDEX|Postgres|
postgres|1|MOCKSCHEMA|DEST_TAB|TABLE|Postgres|
postgres|1|MOCKSCHEMA|DEST_TAB_ROWID_SEQ|SEQUENCE|Postgres|
postgres|1|MOCKSCHEMA|EMPLOYEES|TABLE|Postgres|
postgres|1|MOCKSCHEMA|EMPLOYEES_BKP|TABLE|Postgres|
postgres|1|MOCKSCHEMA|EMPLOYEES_BKP_ROWID_SEQ|SEQUENCE|Postgres|
postgres|1|MOCKSCHEMA|EMPLOYEES_SEQ|SEQUENCE|Postgres|
postgres|1|MOCKSCHEMA|EMP_DEPARTMENT_IX|INDEX|Postgres|
postgres|1|MOCKSCHEMA|EMP_DETAILS_VIEW|VIEW|Postgres|
postgres|1|MOCKSCHEMA|EMP_EMAIL_UK|INDEX|Postgres|
postgres|1|MOCKSCHEMA|EMP_EMP_ID_PK|INDEX|Postgres|
postgres|1|MOCKSCHEMA|EMP_JOB_IX|INDEX|Postgres|
postgres|1|MOCKSCHEMA|EMP_MANAGER_IX|INDEX|Postgres|
postgres|1|MOCKSCHEMA|EMP_NAME_IX|INDEX|Postgres|
postgres|1|MOCKSCHEMA|JHIST_DEPARTMENT_IX|INDEX|Postgres|
postgres|1|MOCKSCHEMA|JHIST_EMPLOYEE_IX|INDEX|Postgres|
postgres|1|MOCKSCHEMA|JHIST_EMP_ID_ST_DATE_PK|INDEX|Postgres|
postgres|1|MOCKSCHEMA|JHIST_JOB_IX|INDEX|Postgres|
postgres|1|MOCKSCHEMA|JOBS|TABLE|Postgres|
postgres|1|MOCKSCHEMA|JOB_HISTORY|TABLE|Postgres|
postgres|1|MOCKSCHEMA|JOB_ID_PK|INDEX|Postgres|
postgres|1|MOCKSCHEMA|LOCATIONS|TABLE|Postgres|
postgres|1|MOCKSCHEMA|LOCATIONS_SEQ|SEQUENCE|Postgres|
postgres|1|MOCKSCHEMA|LOC_CITY_IX|INDEX|Postgres|
postgres|1|MOCKSCHEMA|LOC_COUNTRY_IX|INDEX|Postgres|
postgres|1|MOCKSCHEMA|LOC_ID_PK|INDEX|Postgres|
postgres|1|MOCKSCHEMA|LOC_STATE_PROVINCE_IX|INDEX|Postgres|
postgres|1|MOCKSCHEMA|LOGGING_TABLE|TABLE|Postgres|
postgres|1|MOCKSCHEMA|LOGGING_TABLE_ROWID_SEQ|SEQUENCE|Postgres|
postgres|1|MOCKSCHEMA|MOCKSCHEMA_DEST_TAB_PK_ROWID|INDEX|Postgres|
postgres|1|MOCKSCHEMA|MOCKSCHEMA_EMPLOYEES_BKP_PK_ROWID|INDEX|Postgres|
postgres|1|MOCKSCHEMA|MOCKSCHEMA_LOGGING_TABLE_PK_ROWID|INDEX|Postgres|
postgres|1|MOCKSCHEMA|MOCKSCHEMA_SAMPLE_NUMBER_DATA_TYPE_PK_ROWID|INDEX|Postgres|
postgres|1|MOCKSCHEMA|MOCKSCHEMA_TBL_TEST_FUNCTIONAL_INDEX_1_PK_ROWID|INDEX|Postgres|
postgres|1|MOCKSCHEMA|MOCKSCHEMA_TBL_TEST_FUNCTIONAL_INDEX_2_PK_ROWID|INDEX|Postgres|
postgres|1|MOCKSCHEMA|ORACLE_TO_CHAR_DATE|VIEW|Postgres|
postgres|1|MOCKSCHEMA|ORACLE_TRUNC_DATE|VIEW|Postgres|
postgres|1|MOCKSCHEMA|ORDERS|PARTITIONED TABLE|Postgres|
postgres|1|MOCKSCHEMA|ORDERS_202301|TABLE PARTITION|Postgres|
postgres|1|MOCKSCHEMA|ORDERS_202302|TABLE PARTITION|Postgres|
postgres|1|MOCKSCHEMA|ORDERS_202303|TABLE PARTITION|Postgres|
postgres|1|MOCKSCHEMA|ORDERS_202304|TABLE PARTITION|Postgres|
postgres|1|MOCKSCHEMA|ORDERS_202305|TABLE PARTITION|Postgres|
postgres|1|MOCKSCHEMA|ORDERS_202306|TABLE PARTITION|Postgres|
postgres|1|MOCKSCHEMA|ORDERS_202307|TABLE PARTITION|Postgres|
postgres|1|MOCKSCHEMA|ORDERS_202308|TABLE PARTITION|Postgres|
postgres|1|MOCKSCHEMA|ORDERS_202309|TABLE PARTITION|Postgres|
postgres|1|MOCKSCHEMA|ORDERS_202310|TABLE PARTITION|Postgres|
postgres|1|MOCKSCHEMA|ORDERS_DEFAULT|TABLE PARTITION|Postgres|
postgres|1|MOCKSCHEMA|ORDERS_ORDER_ID_SEQ|SEQUENCE|Postgres|
postgres|1|MOCKSCHEMA|REGIONS|TABLE|Postgres|
postgres|1|MOCKSCHEMA|REG_ID_PK|INDEX|Postgres|
postgres|1|MOCKSCHEMA|SAMPLE_NUMBER_DATA_TYPE|TABLE|Postgres|
postgres|1|MOCKSCHEMA|SAMPLE_NUMBER_DATA_TYPE_ROWID_SEQ|SEQUENCE|Postgres|
postgres|1|MOCKSCHEMA|SOURCE_TAB|TABLE|Postgres|
postgres|1|MOCKSCHEMA|SOURCE_TAB_PK|INDEX|Postgres|
postgres|1|MOCKSCHEMA|TBL_TEST_FUNCTIONAL_INDEX_1|TABLE|Postgres|
postgres|1|MOCKSCHEMA|TBL_TEST_FUNCTIONAL_INDEX_1_ROWID_SEQ|SEQUENCE|Postgres|
postgres|1|MOCKSCHEMA|TBL_TEST_FUNCTIONAL_INDEX_2|TABLE|Postgres|
postgres|1|MOCKSCHEMA|TBL_TEST_FUNCTIONAL_INDEX_2_ROWID_SEQ|SEQUENCE|Postgres|
postgres|1|MOCKSCHEMA|VW_LISTAGG|VIEW|Postgres|
postgres|1|MOCKSCHEMA|VW_LISTAGG_OVERFLOW|VIEW|Postgres|
postgres|1|SAMET|SAMET_TEST_PK_ROWID|INDEX|Postgres|
postgres|1|SAMET|TEST|TABLE|Postgres|
postgres|1|SAMET|TEST_ROWID_SEQ|SEQUENCE|Postgres|
