PKEY|CON_ID|GRANTEE|PRIVILEGE
instance-1_NOK19ORC_052324130733|3|SAMET|LOGMINING
instance-1_NOK19ORC_052324130733|3|SAMET|SELECT ANY TABLE
instance-1_NOK19ORC_052324130733|3|SAMET|CREATE SESSION
instance-1_NOK19ORC_052324130733|3|SAMET|UNLIMITED TABLESPACE
instance-1_NOK19ORC_052324130733|3|SAMET|SELECT ANY TRANSACTION
instance-1_NOK19ORC_052324130733|3|MOCKSCHEMA|CREATE PROCEDURE
instance-1_NOK19ORC_052324130733|3|MOCKSCHEMA|CREATE VIEW
instance-1_NOK19ORC_052324130733|3|MOCKSCHEMA|CREATE SYNONYM
instance-1_NOK19ORC_052324130733|3|MOCKSCHEMA|CREATE TYPE
instance-1_NOK19ORC_052324130733|3|MOCKSCHEMA|CREATE TRIGGER
instance-1_NOK19ORC_052324130733|3|MOCKSCHEMA|CREATE DATABASE LINK
instance-1_NOK19ORC_052324130733|3|MOCKSCHEMA|CREATE SESSION
instance-1_NOK19ORC_052324130733|3|MOCKSCHEMA|CREATE TABLE
instance-1_NOK19ORC_052324130733|3|MOCKSCHEMA|CREATE SEQUENCE
