PKEY|CON_ID|OWNER|OBJECT_NAME|OBJECT_TYPE|EDITIONABLE|LINES|STATUS|DMA_SOURCE_ID|DMA_MANUAL_ID
instance-1_NOK19ORC_052324130733|3|SYS|"JAVA$JOX$CUJS$DIRECTORY$"|DIRECTORY|||VALID|instance-1_nok19orcl_729121870|'NA'
instance-1_NOK19ORC_052324130733|3|SYS|"OPATCH_LOG_DIR"|DIRECTORY|||VALID|instance-1_nok19orcl_729121870|'NA'
instance-1_NOK19ORC_052324130733|3|SYS|"ORACLE_BASE"|DIRECTORY|||VALID|instance-1_nok19orcl_729121870|'NA'
instance-1_NOK19ORC_052324130733|3|SYS|"XMLDIR"|DIRECTORY|||VALID|instance-1_nok19orcl_729121870|'NA'
instance-1_NOK19ORC_052324130733|3|SYS|"XSDDIR"|DIRECTORY|||VALID|instance-1_nok19orcl_729121870|'NA'
instance-1_NOK19ORC_052324130733|3|MOCKSCHEMA|"COUNTRY_C_ID_PK_DEMO"|INDEX|||VALID|instance-1_nok19orcl_729121870|'NA'
instance-1_NOK19ORC_052324130733|3|MOCKSCHEMA|"EMPLOYEES_BKP"|TABLE|||VALID|instance-1_nok19orcl_729121870|'NA'
instance-1_NOK19ORC_052324130733|3|MOCKSCHEMA|"EMPLOYEES"|TABLE|||VALID|instance-1_nok19orcl_729121870|'NA'
instance-1_NOK19ORC_052324130733|3|MOCKSCHEMA|"JOB_HISTORY"|TABLE|||VALID|instance-1_nok19orcl_729121870|'NA'
instance-1_NOK19ORC_052324130733|3|MOCKSCHEMA|"SYS_IL0000077089C00017$$"|INDEX|||VALID|instance-1_nok19orcl_729121870|'NA'
instance-1_NOK19ORC_052324130733|3|MOCKSCHEMA|"EMP_DETAILS_VIEW"|VIEW|Y||INVALID|instance-1_nok19orcl_729121870|'NA'
instance-1_NOK19ORC_052324130733|3|MOCKSCHEMA|"VW_TABLE_FUNCTION_ORACLE"|VIEW|Y||INVALID|instance-1_nok19orcl_729121870|'NA'
instance-1_NOK19ORC_052324130733|3|MOCKSCHEMA|"VW_PIVOT_1"|VIEW|Y||VALID|instance-1_nok19orcl_729121870|'NA'
instance-1_NOK19ORC_052324130733|3|MOCKSCHEMA|"EMPLOYEES_SEQ"|SEQUENCE|||VALID|instance-1_nok19orcl_729121870|'NA'
instance-1_NOK19ORC_052324130733|3|MOCKSCHEMA|"LOC_STATE_PROVINCE_IX"|INDEX|||VALID|instance-1_nok19orcl_729121870|'NA'
instance-1_NOK19ORC_052324130733|3|MOCKSCHEMA|"EMP_MANAGER_IX"|INDEX|||VALID|instance-1_nok19orcl_729121870|'NA'
instance-1_NOK19ORC_052324130733|3|MOCKSCHEMA|"EMP_DEPARTMENT_IX"|INDEX|||VALID|instance-1_nok19orcl_729121870|'NA'
instance-1_NOK19ORC_052324130733|3|MOCKSCHEMA|"JHIST_DEPARTMENT_IX"|INDEX|||VALID|instance-1_nok19orcl_729121870|'NA'
instance-1_NOK19ORC_052324130733|3|MOCKSCHEMA|"LOC_ID_PK"|INDEX|||VALID|instance-1_nok19orcl_729121870|'NA'
instance-1_NOK19ORC_052324130733|3|MOCKSCHEMA|"EMP_EMAIL_UK"|INDEX|||VALID|instance-1_nok19orcl_729121870|'NA'
instance-1_NOK19ORC_052324130733|3|SAMET|"TEST"|TABLE|||VALID|instance-1_nok19orcl_729121870|'NA'
instance-1_NOK19ORC_052324130733|3|SYS|"SDO_DIR_ADMIN"|DIRECTORY|||VALID|instance-1_nok19orcl_729121870|'NA'
instance-1_NOK19ORC_052324130733|3|MOCKSCHEMA|"COUNTRIES"|TABLE|||VALID|instance-1_nok19orcl_729121870|'NA'
instance-1_NOK19ORC_052324130733|3|MOCKSCHEMA|"TBL_TEST_FUNCTIONAL_INDEX_2"|TABLE|||VALID|instance-1_nok19orcl_729121870|'NA'
instance-1_NOK19ORC_052324130733|3|MOCKSCHEMA|"LOCATIONS"|TABLE|||VALID|instance-1_nok19orcl_729121870|'NA'
instance-1_NOK19ORC_052324130733|3|MOCKSCHEMA|"SOURCE_TAB"|TABLE|||VALID|instance-1_nok19orcl_729121870|'NA'
instance-1_NOK19ORC_052324130733|3|MOCKSCHEMA|"DEST_TAB"|TABLE|||VALID|instance-1_nok19orcl_729121870|'NA'
instance-1_NOK19ORC_052324130733|3|MOCKSCHEMA|"TBL_DATA_TYPE_TEST"|TABLE|||VALID|instance-1_nok19orcl_729121870|'NA'
instance-1_NOK19ORC_052324130733|3|MOCKSCHEMA|"SYS_LOB0000077089C00005$$"|LOB|||VALID|instance-1_nok19orcl_729121870|'NA'
instance-1_NOK19ORC_052324130733|3|MOCKSCHEMA|"VW_LISTAGG_DISTINCT"|VIEW|Y||INVALID|instance-1_nok19orcl_729121870|'NA'
instance-1_NOK19ORC_052324130733|3|MOCKSCHEMA|"ORACLE_TO_CHAR_NUM"|VIEW|Y||VALID|instance-1_nok19orcl_729121870|'NA'
instance-1_NOK19ORC_052324130733|3|MOCKSCHEMA|"VW_PIVOT_2"|VIEW|Y||VALID|instance-1_nok19orcl_729121870|'NA'
instance-1_NOK19ORC_052324130733|3|MOCKSCHEMA|"DEPARTMENTS_SEQ"|SEQUENCE|||VALID|instance-1_nok19orcl_729121870|'NA'
instance-1_NOK19ORC_052324130733|3|MOCKSCHEMA|"EMP_NAME_IX"|INDEX|||VALID|instance-1_nok19orcl_729121870|'NA'
instance-1_NOK19ORC_052324130733|3|MOCKSCHEMA|"IDX_TEST_FUNCTIONAL_INDEX_1"|INDEX|||VALID|instance-1_nok19orcl_729121870|'NA'
instance-1_NOK19ORC_052324130733|3|MOCKSCHEMA|"SOURCE_TAB_PK"|INDEX|||VALID|instance-1_nok19orcl_729121870|'NA'
instance-1_NOK19ORC_052324130733|3|MOCKSCHEMA|"REG_ID_PK"|INDEX|||VALID|instance-1_nok19orcl_729121870|'NA'
instance-1_NOK19ORC_052324130733|3|SYS|"OPATCH_SCRIPT_DIR"|DIRECTORY|||VALID|instance-1_nok19orcl_729121870|'NA'
instance-1_NOK19ORC_052324130733|3|SYS|"ORACLE_HOME"|DIRECTORY|||VALID|instance-1_nok19orcl_729121870|'NA'
instance-1_NOK19ORC_052324130733|3|SYS|"OPATCH_INST_DIR"|DIRECTORY|||VALID|instance-1_nok19orcl_729121870|'NA'
instance-1_NOK19ORC_052324130733|3|SYS|"DATA_PUMP_DIR"|DIRECTORY|||VALID|instance-1_nok19orcl_729121870|'NA'
instance-1_NOK19ORC_052324130733|3|SYS|"SDO_DIR_WORK"|DIRECTORY|||VALID|instance-1_nok19orcl_729121870|'NA'
instance-1_NOK19ORC_052324130733|3|MOCKSCHEMA|"TBL_TEST_FUNCTIONAL_INDEX_1"|TABLE|||VALID|instance-1_nok19orcl_729121870|'NA'
instance-1_NOK19ORC_052324130733|3|MOCKSCHEMA|"DEPARTMENTS"|TABLE|||VALID|instance-1_nok19orcl_729121870|'NA'
instance-1_NOK19ORC_052324130733|3|MOCKSCHEMA|"SAMPLE_NUMBER_DATA_TYPE"|TABLE|||VALID|instance-1_nok19orcl_729121870|'NA'
instance-1_NOK19ORC_052324130733|3|MOCKSCHEMA|"REGIONS"|TABLE|||VALID|instance-1_nok19orcl_729121870|'NA'
instance-1_NOK19ORC_052324130733|3|MOCKSCHEMA|"SYS_IL0000077089C00005$$"|INDEX|||VALID|instance-1_nok19orcl_729121870|'NA'
instance-1_NOK19ORC_052324130733|3|MOCKSCHEMA|"VW_LISTAGG"|VIEW|Y||INVALID|instance-1_nok19orcl_729121870|'NA'
instance-1_NOK19ORC_052324130733|3|MOCKSCHEMA|"ORACLE_TO_CHAR_DATE"|VIEW|Y||VALID|instance-1_nok19orcl_729121870|'NA'
instance-1_NOK19ORC_052324130733|3|MOCKSCHEMA|"LOCATIONS_SEQ"|SEQUENCE|||VALID|instance-1_nok19orcl_729121870|'NA'
instance-1_NOK19ORC_052324130733|3|MOCKSCHEMA|"LOC_CITY_IX"|INDEX|||VALID|instance-1_nok19orcl_729121870|'NA'
instance-1_NOK19ORC_052324130733|3|MOCKSCHEMA|"DEPT_LOCATION_IX"|INDEX|||VALID|instance-1_nok19orcl_729121870|'NA'
instance-1_NOK19ORC_052324130733|3|MOCKSCHEMA|"EMP_JOB_IX"|INDEX|||VALID|instance-1_nok19orcl_729121870|'NA'
instance-1_NOK19ORC_052324130733|3|MOCKSCHEMA|"JHIST_EMPLOYEE_IX"|INDEX|||VALID|instance-1_nok19orcl_729121870|'NA'
instance-1_NOK19ORC_052324130733|3|MOCKSCHEMA|"IDX_TEST_FUNCTIONAL_INDEX_2"|INDEX|||VALID|instance-1_nok19orcl_729121870|'NA'
instance-1_NOK19ORC_052324130733|3|MOCKSCHEMA|"EMP_EMP_ID_PK"|INDEX|||VALID|instance-1_nok19orcl_729121870|'NA'
instance-1_NOK19ORC_052324130733|3|MOCKSCHEMA|"JHIST_EMP_ID_ST_DATE_PK"|INDEX|||VALID|instance-1_nok19orcl_729121870|'NA'
instance-1_NOK19ORC_052324130733|3|SYS|"DUMPDIR"|DIRECTORY|||VALID|instance-1_nok19orcl_729121870|'NA'
instance-1_NOK19ORC_052324130733|3|MOCKSCHEMA|"STRINGS_T"|TYPE|Y|1|VALID|instance-1_nok19orcl_729121870|'NA'
instance-1_NOK19ORC_052324130733|3|MOCKSCHEMA|"COUNTRY_C_ID_PK"|INDEX|||VALID|instance-1_nok19orcl_729121870|'NA'
instance-1_NOK19ORC_052324130733|3|MOCKSCHEMA|"COUNTRIES_DEMO"|TABLE|||VALID|instance-1_nok19orcl_729121870|'NA'
instance-1_NOK19ORC_052324130733|3|MOCKSCHEMA|"LOGGING_TABLE"|TABLE|||VALID|instance-1_nok19orcl_729121870|'NA'
instance-1_NOK19ORC_052324130733|3|MOCKSCHEMA|"JOBS"|TABLE|||VALID|instance-1_nok19orcl_729121870|'NA'
instance-1_NOK19ORC_052324130733|3|MOCKSCHEMA|"MY_TEMP_TABLE"|TABLE|||VALID|instance-1_nok19orcl_729121870|'NA'
instance-1_NOK19ORC_052324130733|3|MOCKSCHEMA|"SYS_LOB0000077089C00017$$"|LOB|||VALID|instance-1_nok19orcl_729121870|'NA'
instance-1_NOK19ORC_052324130733|3|MOCKSCHEMA|"VW_LISTAGG_OVERFLOW"|VIEW|Y||INVALID|instance-1_nok19orcl_729121870|'NA'
instance-1_NOK19ORC_052324130733|3|MOCKSCHEMA|"VW_ORA_FUNC"|VIEW|Y||VALID|instance-1_nok19orcl_729121870|'NA'
instance-1_NOK19ORC_052324130733|3|MOCKSCHEMA|"ORACLE_TRUNC_DATE"|VIEW|Y||VALID|instance-1_nok19orcl_729121870|'NA'
instance-1_NOK19ORC_052324130733|3|MOCKSCHEMA|"VW_REGEX_ORACLE"|VIEW|Y||VALID|instance-1_nok19orcl_729121870|'NA'
instance-1_NOK19ORC_052324130733|3|MOCKSCHEMA|"LOC_COUNTRY_IX"|INDEX|||VALID|instance-1_nok19orcl_729121870|'NA'
instance-1_NOK19ORC_052324130733|3|MOCKSCHEMA|"JHIST_JOB_IX"|INDEX|||VALID|instance-1_nok19orcl_729121870|'NA'
instance-1_NOK19ORC_052324130733|3|MOCKSCHEMA|"DEPT_ID_PK"|INDEX|||VALID|instance-1_nok19orcl_729121870|'NA'
instance-1_NOK19ORC_052324130733|3|MOCKSCHEMA|"JOB_ID_PK"|INDEX|||VALID|instance-1_nok19orcl_729121870|'NA'
instance-1_NOK19ORC_052324130733|3|SYS|"TEST"|DIRECTORY|||VALID|instance-1_nok19orcl_729121870|'NA'
