PKEY|CON_ID|OWNER|VIEW_NAME|DMA_SOURCE_ID|DMA_MANUAL_ID
oracle|1|GSMADMIN_INTERNAL|AQ$CHANGE_LOG_QUEUE_TABLE|Oracle|
oracle|1|GSMADMIN_INTERNAL|AQ$_CHANGE_LOG_QUEUE_TABLE_F|Oracle|
oracle|1|WMSYS|AQ$WM$EVENT_QUEUE_TABLE|Oracle|
oracle|1|WMSYS|AQ$_WM$EVENT_QUEUE_TABLE_F|Oracle|
oracle|1|MOCKSCHEMA|EMP_DETAILS_VIEW|Oracle|
oracle|1|MOCKSCHEMA|VW_LISTAGG|Oracle|
oracle|1|MOCKSCHEMA|VW_LISTAGG_OVERFLOW|Oracle|
oracle|1|MOCKSCHEMA|VW_LISTAGG_DISTINCT|Oracle|
oracle|1|MOCKSCHEMA|VW_ORA_FUNC|Oracle|
oracle|1|MOCKSCHEMA|VW_TABLE_FUNCTION_ORACLE|Oracle|
oracle|1|MOCKSCHEMA|ORACLE_TO_CHAR_DATE|Oracle|
oracle|1|MOCKSCHEMA|ORACLE_TO_CHAR_NUM|Oracle|
oracle|1|MOCKSCHEMA|ORACLE_TRUNC_DATE|Oracle|
oracle|1|MOCKSCHEMA|VW_PIVOT_1|Oracle|
oracle|1|MOCKSCHEMA|VW_PIVOT_2|Oracle|
oracle|1|MOCKSCHEMA|VW_REGEX_ORACLE|Oracle|
oracle|1|AUDSYS|UNIFIED_AUDIT_TRAIL|Oracle|
oracle|1|AUDSYS|CDB_UNIFIED_AUDIT_TRAIL|Oracle|
oracle|1|AUDSYS|DBA_XS_AUDIT_TRAIL|Oracle|
oracle|1|AUDSYS|CDB_XS_AUDIT_TRAIL|Oracle|
oracle|1|DBSNMP|MGMT_RESPONSE_BASELINE|Oracle|
oracle|1|DBSNMP|MGMT_BSLN_METRICS|Oracle|
oracle|1|DBSNMP|MGMT_BSLN_DATASOURCES|Oracle|
oracle|1|DBSNMP|MGMT_BSLN_BASELINES|Oracle|
oracle|1|DBSNMP|MGMT_BSLN_INTERVALS|Oracle|
oracle|1|DBSNMP|MGMT_BSLN_THRESHOLD_PARMS|Oracle|
oracle|1|DBSNMP|MGMT_BSLN_STATISTICS|Oracle|
oracle|1|GSMADMIN_INTERNAL|AQ$CHANGE_LOG_QUEUE_TABLE_S|Oracle|
oracle|1|GSMADMIN_INTERNAL|AQ$CHANGE_LOG_QUEUE_TABLE_R|Oracle|
oracle|1|GSMADMIN_INTERNAL|LOCAL_TABLE_FAMILY_SERVICES|Oracle|
oracle|1|GSMADMIN_INTERNAL|LOCAL_CHUNK_TYPES|Oracle|
oracle|1|GSMADMIN_INTERNAL|LOCAL_CHUNK_COLUMNS|Oracle|
oracle|1|GSMADMIN_INTERNAL|LOCAL_CHUNKS|Oracle|
oracle|1|GSMADMIN_INTERNAL|SHA_DATABASES|Oracle|
oracle|1|XDB|XDB$RCLIST_V|Oracle|
oracle|1|XDB|XDB$ROOT_INFO_V|Oracle|
oracle|1|XDB|RESOURCE_VIEW|Oracle|
oracle|1|XDB|PATH_VIEW|Oracle|
oracle|1|XDB|DOCUMENT_LINKS|Oracle|
oracle|1|XDB|JSON$COLLECTION_METADATA_V|Oracle|
oracle|1|XDB|JSON$USER_COLLECTION_METADATA|Oracle|
oracle|1|WMSYS|AQ$WM$EVENT_QUEUE_TABLE_S|Oracle|
oracle|1|WMSYS|AQ$WM$EVENT_QUEUE_TABLE_R|Oracle|
oracle|1|WMSYS|WM$WORKSPACES_TABLE$D|Oracle|
oracle|1|WMSYS|WM$WORKSPACES_TABLE|Oracle|
oracle|1|WMSYS|WM$WORKSPACES_TABLE$I|Oracle|
oracle|1|WMSYS|WM$VERSIONED_TABLES$D|Oracle|
oracle|1|WMSYS|WM$VERSIONED_TABLES$H|Oracle|
oracle|1|WMSYS|WM$VERSIONED_TABLES|Oracle|
oracle|1|WMSYS|WM$BATCH_COMPRESSIBLE_TABLES|Oracle|
oracle|1|WMSYS|WM$COLUMN_PROPS|Oracle|
oracle|1|WMSYS|WM$CONS_COLUMNS|Oracle|
oracle|1|WMSYS|WM$CONSTRAINTS_TABLE|Oracle|
oracle|1|WMSYS|WM$DBA_TAB_COLS|Oracle|
oracle|1|WMSYS|WM$ENV_VARS|Oracle|
oracle|1|WMSYS|WM$EVENTS_INFO|Oracle|
oracle|1|WMSYS|WM$HASH_TABLE|Oracle|
oracle|1|WMSYS|WM$HINT_TABLE|Oracle|
oracle|1|WMSYS|WM$INSTEADOF_TRIGS_TABLE|Oracle|
oracle|1|WMSYS|WM$LOCKROWS_INFO|Oracle|
oracle|1|WMSYS|WM$MODIFIED_TABLES|Oracle|
oracle|1|WMSYS|WM$MP_GRAPH_WORKSPACES_TABLE|Oracle|
oracle|1|WMSYS|WM$MP_PARENT_WORKSPACES_TABLE|Oracle|
oracle|1|WMSYS|WM$MW_TABLE|Oracle|
oracle|1|WMSYS|WM$NESTED_COLUMNS_TABLE|Oracle|
oracle|1|WMSYS|WM$NEXTVER_TABLE|Oracle|
oracle|1|WMSYS|WM$REMOVED_WORKSPACES_TABLE|Oracle|
oracle|1|WMSYS|WM$RESOLVE_WORKSPACES_TABLE|Oracle|
oracle|1|WMSYS|WM$RIC_LOCKING_TABLE|Oracle|
oracle|1|WMSYS|WM$RIC_TABLE|Oracle|
oracle|1|WMSYS|WM$RIC_TRIGGERS_TABLE|Oracle|
oracle|1|WMSYS|WM$SYSPARAM_ALL_VALUES|Oracle|
oracle|1|WMSYS|WM$UDTRIG_DISPATCH_PROCS|Oracle|
oracle|1|WMSYS|WM$UDTRIG_INFO|Oracle|
oracle|1|WMSYS|WM$VERSION_HIERARCHY_TABLE|Oracle|
oracle|1|WMSYS|WM$VERSION_TABLE|Oracle|
oracle|1|WMSYS|WM$VT_ERRORS_TABLE|Oracle|
oracle|1|WMSYS|WM$WORKSPACE_PRIV_TABLE|Oracle|
oracle|1|WMSYS|WM$WORKSPACE_SAVEPOINTS_TABLE|Oracle|
oracle|1|WMSYS|WM$ALL_LOCKS_VIEW|Oracle|
oracle|1|WMSYS|WM$ALL_VERSION_HVIEW_WDEPTH|Oracle|
oracle|1|WMSYS|WM$ANC_VERSION_VIEW|Oracle|
oracle|1|WMSYS|WM$BASE_VERSION_VIEW|Oracle|
oracle|1|WMSYS|WM$BASE_HIERARCHY_VIEW|Oracle|
oracle|1|WMSYS|WM$BASE_NEXTVER_VIEW|Oracle|
oracle|1|WMSYS|WM$CONF1_HIERARCHY_VIEW|Oracle|
oracle|1|WMSYS|WM$CONF1_NEXTVER_VIEW|Oracle|
oracle|1|WMSYS|WM$CONF2_HIERARCHY_VIEW|Oracle|
oracle|1|WMSYS|WM$CONF2_NEXTVER_VIEW|Oracle|
oracle|1|WMSYS|WM$CONF_BASE_HIERARCHY_VIEW|Oracle|
oracle|1|WMSYS|WM$CONF_BASE_NEXTVER_VIEW|Oracle|
oracle|1|WMSYS|WM$CURCONFLICT_PARVERS_VIEW|Oracle|
oracle|1|WMSYS|WM$CURCONFLICT_NEXTVERS_VIEW|Oracle|
oracle|1|WMSYS|WM$CURRENT_CHILD_VERSIONS_VIEW|Oracle|
oracle|1|WMSYS|WM$CURRENT_CONS_NEXTVERS_VIEW|Oracle|
oracle|1|WMSYS|WM$CURRENT_PARVERS_VIEW|Oracle|
oracle|1|WMSYS|WM$MP_GRAPH_CONS_VERSIONS|Oracle|
oracle|1|WMSYS|WM$CURRENT_CONS_VERSIONS_VIEW|Oracle|
oracle|1|WMSYS|WM$CURRENT_MP_JOIN_POINTS|Oracle|
oracle|1|WMSYS|WM$CURRENT_NEXTVERS_VIEW|Oracle|
oracle|1|WMSYS|WM$CURRENT_WORKSPACE_VIEW|Oracle|
oracle|1|WMSYS|WM$DIFF1_HIERARCHY_VIEW|Oracle|
oracle|1|WMSYS|WM$DIFF1_NEXTVER_VIEW|Oracle|
oracle|1|WMSYS|WM$DIFF2_HIERARCHY_VIEW|Oracle|
oracle|1|WMSYS|WM$DIFF2_NEXTVER_VIEW|Oracle|
oracle|1|WMSYS|WM$EXP_MAP|Oracle|
oracle|1|WMSYS|WM$INTERNAL_OBJECTS|Oracle|
oracle|1|WMSYS|WM$MIGRATION_ERROR_VIEW|Oracle|
oracle|1|WMSYS|WM$METADATA_MAP|Oracle|
oracle|1|WMSYS|WM$MP_GRAPH_NEW_VERSIONS|Oracle|
oracle|1|WMSYS|WM$MP_GRAPH_OTHER_VERSIONS|Oracle|
oracle|1|WMSYS|WM$MP_GRAPH_REMAINING_VERSIONS|Oracle|
oracle|1|WMSYS|WM$MP_GRAPH_REMOVED_VERSIONS|Oracle|
oracle|1|WMSYS|WM$MP_JOIN_POINTS|Oracle|
oracle|1|WMSYS|WM$MW_NEXTVERS_VIEW|Oracle|
oracle|1|WMSYS|WM$MW_VERSIONS_VIEW_9I|Oracle|
oracle|1|WMSYS|WM$NET_DIFF1_HIERARCHY_VIEW|Oracle|
oracle|1|WMSYS|WM$NET_DIFF2_HIERARCHY_VIEW|Oracle|
oracle|1|WMSYS|WM$PARCONFLICT_PARVERS_VIEW|Oracle|
oracle|1|WMSYS|WM$PARCONFLICT_NEXTVERS_VIEW|Oracle|
oracle|1|WMSYS|WM$PARVERS_VIEW|Oracle|
oracle|1|WMSYS|WM$TABLE_PARVERS_VIEW|Oracle|
oracle|1|WMSYS|WM$TABLE_VERSIONS_IN_LIVE_VIEW|Oracle|
oracle|1|WMSYS|WM$TABLE_WS_PARVERS_VIEW|Oracle|
oracle|1|WMSYS|WM$VERSION_VIEW|Oracle|
oracle|1|WMSYS|WM$WORKSPACE_SESSIONS_VIEW|Oracle|
oracle|1|WMSYS|USER_WM_PRIVS|Oracle|
oracle|1|WMSYS|ALL_WORKSPACES_INTERNAL|Oracle|
oracle|1|WMSYS|ALL_WORKSPACES|Oracle|
oracle|1|WMSYS|USER_WORKSPACES|Oracle|
oracle|1|WMSYS|ALL_MP_GRAPH_WORKSPACES|Oracle|
oracle|1|WMSYS|ALL_MP_PARENT_WORKSPACES|Oracle|
oracle|1|WMSYS|ALL_REMOVED_WORKSPACES|Oracle|
oracle|1|WMSYS|ALL_VERSION_HVIEW|Oracle|
oracle|1|WMSYS|ALL_WM_CONSTRAINTS|Oracle|
oracle|1|WMSYS|ALL_WM_CONSTRAINT_VIOLATIONS|Oracle|
oracle|1|WMSYS|ALL_WM_CONS_COLUMNS|Oracle|
oracle|1|WMSYS|ALL_WM_IND_COLUMNS|Oracle|
oracle|1|WMSYS|ALL_WM_IND_EXPRESSIONS|Oracle|
oracle|1|WMSYS|ALL_WM_LOCKED_TABLES|Oracle|
oracle|1|WMSYS|ALL_WM_MODIFIED_TABLES|Oracle|
oracle|1|WMSYS|ALL_WM_POLICIES|Oracle|
oracle|1|WMSYS|ALL_WM_RIC_INFO|Oracle|
oracle|1|WMSYS|ALL_WM_TAB_TRIGGERS|Oracle|
oracle|1|WMSYS|ALL_WM_VERSIONED_TABLES|Oracle|
oracle|1|WMSYS|ALL_WM_VT_ERRORS|Oracle|
oracle|1|WMSYS|ALL_WORKSPACE_PRIVS|Oracle|
oracle|1|WMSYS|ALL_WORKSPACE_SAVEPOINTS|Oracle|
oracle|1|WMSYS|DBA_REMOVED_WORKSPACES|Oracle|
oracle|1|WMSYS|CDB_REMOVED_WORKSPACES|Oracle|
oracle|1|WMSYS|DBA_WM_SYS_PRIVS|Oracle|
oracle|1|WMSYS|CDB_WM_SYS_PRIVS|Oracle|
oracle|1|WMSYS|DBA_WM_VERSIONED_TABLES|Oracle|
oracle|1|WMSYS|CDB_WM_VERSIONED_TABLES|Oracle|
oracle|1|WMSYS|DBA_WM_VT_ERRORS|Oracle|
oracle|1|WMSYS|CDB_WM_VT_ERRORS|Oracle|
oracle|1|WMSYS|DBA_WORKSPACE_PRIVS|Oracle|
oracle|1|WMSYS|CDB_WORKSPACE_PRIVS|Oracle|
oracle|1|WMSYS|DBA_WORKSPACE_SAVEPOINTS|Oracle|
oracle|1|WMSYS|CDB_WORKSPACE_SAVEPOINTS|Oracle|
oracle|1|WMSYS|DBA_WORKSPACE_SESSIONS|Oracle|
oracle|1|WMSYS|CDB_WORKSPACE_SESSIONS|Oracle|
oracle|1|WMSYS|DBA_WORKSPACES|Oracle|
oracle|1|WMSYS|CDB_WORKSPACES|Oracle|
oracle|1|WMSYS|ROLE_WM_PRIVS|Oracle|
oracle|1|WMSYS|USER_MP_GRAPH_WORKSPACES|Oracle|
oracle|1|WMSYS|USER_MP_PARENT_WORKSPACES|Oracle|
oracle|1|WMSYS|USER_REMOVED_WORKSPACES|Oracle|
oracle|1|WMSYS|USER_WM_CONS_COLUMNS|Oracle|
oracle|1|WMSYS|USER_WM_CONSTRAINTS|Oracle|
oracle|1|WMSYS|USER_WM_IND_COLUMNS|Oracle|
oracle|1|WMSYS|USER_WM_IND_EXPRESSIONS|Oracle|
oracle|1|WMSYS|USER_WM_LOCKED_TABLES|Oracle|
oracle|1|WMSYS|USER_WM_MODIFIED_TABLES|Oracle|
oracle|1|WMSYS|USER_WM_POLICIES|Oracle|
oracle|1|WMSYS|USER_WM_RIC_INFO|Oracle|
oracle|1|WMSYS|USER_WM_TAB_TRIGGERS|Oracle|
oracle|1|WMSYS|USER_WM_VERSIONED_TABLES|Oracle|
oracle|1|WMSYS|USER_WM_VT_ERRORS|Oracle|
oracle|1|WMSYS|USER_WORKSPACE_PRIVS|Oracle|
oracle|1|WMSYS|USER_WORKSPACE_SAVEPOINTS|Oracle|
oracle|1|WMSYS|WM_COMPRESS_BATCH_SIZES|Oracle|
oracle|1|WMSYS|WM_COMPRESSIBLE_TABLES|Oracle|
oracle|1|WMSYS|WM_EVENTS_INFO|Oracle|
oracle|1|WMSYS|WM_INSTALLATION|Oracle|
oracle|1|WMSYS|WM_REPLICATION_INFO|Oracle|
oracle|1|CTXSYS|CTX_PARAMETERS|Oracle|
oracle|1|CTXSYS|CTX_CLASSES|Oracle|
oracle|1|CTXSYS|CTX_OBJECTS|Oracle|
oracle|1|CTXSYS|CTX_OBJECT_ATTRIBUTES|Oracle|
oracle|1|CTXSYS|CTX_OBJECT_ATTRIBUTE_LOV|Oracle|
oracle|1|CTXSYS|CTX_PREFERENCES|Oracle|
oracle|1|CTXSYS|CTX_USER_PREFERENCES|Oracle|
oracle|1|CTXSYS|CTX_PREFERENCE_VALUES|Oracle|
oracle|1|CTXSYS|CTX_USER_PREFERENCE_VALUES|Oracle|
oracle|1|CTXSYS|CTX_INDEXES|Oracle|
oracle|1|CTXSYS|CTX_USER_INDEXES|Oracle|
oracle|1|CTXSYS|CTX_INDEX_PARTITIONS|Oracle|
oracle|1|CTXSYS|CTX_USER_INDEX_PARTITIONS|Oracle|
oracle|1|CTXSYS|CTX_INDEX_VALUES|Oracle|
oracle|1|CTXSYS|CTX_USER_INDEX_VALUES|Oracle|
oracle|1|CTXSYS|CTX_INDEX_SUB_LEXERS|Oracle|
oracle|1|CTXSYS|CTX_USER_INDEX_SUB_LEXERS|Oracle|
oracle|1|CTXSYS|CTX_INDEX_SUB_LEXER_VALUES|Oracle|
oracle|1|CTXSYS|CTX_USER_INDEX_SUB_LEXER_VALS|Oracle|
oracle|1|CTXSYS|CTX_INDEX_OBJECTS|Oracle|
oracle|1|CTXSYS|CTX_USER_INDEX_OBJECTS|Oracle|
oracle|1|CTXSYS|CTX_SQES|Oracle|
oracle|1|CTXSYS|CTX_USER_SQES|Oracle|
oracle|1|CTXSYS|CTX_THESAURI|Oracle|
oracle|1|CTXSYS|CTX_USER_THESAURI|Oracle|
oracle|1|CTXSYS|CTX_THES_PHRASES|Oracle|
oracle|1|CTXSYS|CTX_USER_THES_PHRASES|Oracle|
oracle|1|CTXSYS|CTX_SECTION_GROUPS|Oracle|
oracle|1|CTXSYS|CTX_USER_SECTION_GROUPS|Oracle|
oracle|1|CTXSYS|CTX_SECTIONS|Oracle|
oracle|1|CTXSYS|CTX_USER_SECTIONS|Oracle|
oracle|1|CTXSYS|CTX_STOPLISTS|Oracle|
oracle|1|CTXSYS|CTX_USER_STOPLISTS|Oracle|
oracle|1|CTXSYS|CTX_STOPWORDS|Oracle|
oracle|1|CTXSYS|CTX_USER_STOPWORDS|Oracle|
oracle|1|CTXSYS|CTX_SUB_LEXERS|Oracle|
oracle|1|CTXSYS|CTX_USER_SUB_LEXERS|Oracle|
oracle|1|CTXSYS|CTX_INDEX_SETS|Oracle|
oracle|1|CTXSYS|CTX_USER_INDEX_SETS|Oracle|
oracle|1|CTXSYS|CTX_INDEX_SET_INDEXES|Oracle|
oracle|1|CTXSYS|CTX_USER_INDEX_SET_INDEXES|Oracle|
oracle|1|CTXSYS|DRV$PENDING|Oracle|
oracle|1|CTXSYS|CTX_PENDING|Oracle|
oracle|1|CTXSYS|CTX_USER_PENDING|Oracle|
oracle|1|CTXSYS|DRV$WAITING|Oracle|
oracle|1|CTXSYS|DRV$ONLINE_PENDING|Oracle|
oracle|1|CTXSYS|DRV$DELETE|Oracle|
oracle|1|CTXSYS|DRV$DELETE2|Oracle|
oracle|1|CTXSYS|DRV$UNINDEXED|Oracle|
oracle|1|CTXSYS|DRV$UNINDEXED2|Oracle|
oracle|1|CTXSYS|CTX_INDEX_ERRORS|Oracle|
oracle|1|CTXSYS|CTX_USER_INDEX_ERRORS|Oracle|
oracle|1|CTXSYS|CTX_VERSION|Oracle|
oracle|1|CTXSYS|CTX_TRACE_VALUES|Oracle|
oracle|1|CTXSYS|CTX_FILTER_CACHE_STATISTICS|Oracle|
oracle|1|CTXSYS|CTX_FILTER_BY_COLUMNS|Oracle|
oracle|1|CTXSYS|CTX_USER_FILTER_BY_COLUMNS|Oracle|
oracle|1|CTXSYS|CTX_ORDER_BY_COLUMNS|Oracle|
oracle|1|CTXSYS|CTX_USER_ORDER_BY_COLUMNS|Oracle|
oracle|1|CTXSYS|DRV$SDATA_UPDATE|Oracle|
oracle|1|CTXSYS|DRV$SDATA_UPDATE2|Oracle|
oracle|1|CTXSYS|DRV$USER_EXTRACT_RULE|Oracle|
oracle|1|CTXSYS|CTX_USER_EXTRACT_RULES|Oracle|
oracle|1|CTXSYS|DRV$USER_EXTRACT_STOP_ENTITY|Oracle|
oracle|1|CTXSYS|CTX_USER_EXTRACT_STOP_ENTITIES|Oracle|
oracle|1|CTXSYS|DRV$USER_EXTRACT_TKDICT|Oracle|
oracle|1|CTXSYS|DRV$USER_EXTRACT_ENTDICT|Oracle|
oracle|1|CTXSYS|CTX_EXTRACT_POLICIES|Oracle|
oracle|1|CTXSYS|CTX_EXTRACT_POLICY_VALUES|Oracle|
oracle|1|CTXSYS|CTX_USER_EXTRACT_POLICIES|Oracle|
oracle|1|CTXSYS|CTX_USER_EXTRACT_POLICY_VALUES|Oracle|
oracle|1|CTXSYS|CTX_AUTO_OPTIMIZE_INDEXES|Oracle|
oracle|1|CTXSYS|DRV$AUTOOPT|Oracle|
oracle|1|CTXSYS|CTX_USER_AUTO_OPTIMIZE_INDEXES|Oracle|
oracle|1|CTXSYS|CTX_AUTO_OPTIMIZE_STATUS|Oracle|
oracle|1|CTXSYS|DRV$TREE|Oracle|
oracle|1|CTXSYS|CTX_USER_ALEXER_DICTS|Oracle|
oracle|1|CTXSYS|CTX_ALEXER_DICTS|Oracle|
oracle|1|CTXSYS|CTX_INDEX_SECTIONS|Oracle|
oracle|1|CTXSYS|CTX_USER_INDEX_SECTIONS|Oracle|
oracle|1|CTXSYS|CTX_USER_SESSION_SQES|Oracle|
oracle|1|ORDSYS|SI_IMAGE_FORMATS|Oracle|
oracle|1|ORDSYS|SI_IMAGE_FORMAT_CONVERSIONS|Oracle|
oracle|1|ORDSYS|SI_THUMBNAIL_FORMATS|Oracle|
oracle|1|ORDSYS|SI_IMAGE_FORMAT_FEATURES|Oracle|
oracle|1|ORDSYS|SI_VALUES|Oracle|
oracle|1|ORDDATA|ORDDCM_DOCUMENT_TYPES|Oracle|
oracle|1|ORDDATA|ORDDCM_DOCUMENTS|Oracle|
oracle|1|ORDDATA|ORDDCM_DBRELEASE_DOCS|Oracle|
oracle|1|ORDDATA|ORDDCM_CONSTRAINT_NAMES|Oracle|
oracle|1|ORDDATA|ORDDCM_DOCUMENT_REFS|Oracle|
oracle|1|ORDDATA|ORDDCM_DOCS_USR|Oracle|
oracle|1|ORDDATA|ORDDCM_DOC_REFS_USR|Oracle|
oracle|1|ORDDATA|ORDDCM_STD_ATTRS_USR|Oracle|
oracle|1|ORDDATA|ORDDCM_PRV_ATTRS_USR|Oracle|
oracle|1|ORDDATA|ORDDCM_DICT_ATTRS_USR|Oracle|
oracle|1|ORDDATA|ORDDCM_CT_DAREFS_USR|Oracle|
oracle|1|ORDDATA|ORDDCM_MAPPING_DOCS_USR|Oracle|
oracle|1|ORDDATA|ORDDCM_MAPPED_PATHS_USR|Oracle|
oracle|1|ORDDATA|ORDDCM_STORED_TAGS_USR|Oracle|
oracle|1|ORDDATA|ORDDCM_ANON_RULES_USR|Oracle|
oracle|1|ORDDATA|ORDDCM_ANON_ATTRS_USR|Oracle|
oracle|1|ORDDATA|ORDDCM_RT_PREF_PARAMS_USR|Oracle|
oracle|1|ORDDATA|ORDDCM_UID_DEFS_USR|Oracle|
oracle|1|ORDDATA|ORDDCM_CT_PRED_USR|Oracle|
oracle|1|ORDDATA|ORDDCM_CT_PRED_OPRD_USR|Oracle|
oracle|1|ORDDATA|ORDDCM_CT_PRED_SET_USR|Oracle|
oracle|1|ORDDATA|ORDDCM_CT_PRED_PAR_USR|Oracle|
oracle|1|ORDDATA|ORDDCM_CT_LOCATORPATHS_USR|Oracle|
oracle|1|ORDDATA|ORDDCM_CT_ACTION_USR|Oracle|
oracle|1|ORDDATA|ORDDCM_CONFORMANCE_VLD_MSGS|Oracle|
oracle|1|MDSYS|USER_SDO_GEOM_METADATA|Oracle|
oracle|1|MDSYS|ALL_SDO_GEOM_METADATA|Oracle|
oracle|1|MDSYS|SDO_COORD_REF_SYSTEM|Oracle|
oracle|1|MDSYS|SDO_AVAILABLE_NON_ELEM_OPS|Oracle|
oracle|1|MDSYS|SDO_AVAILABLE_ELEM_OPS|Oracle|
oracle|1|MDSYS|SDO_AVAILABLE_OPS|Oracle|
oracle|1|MDSYS|CS_SRS|Oracle|
oracle|1|MDSYS|SDO_DATUM_ENGINEERING|Oracle|
oracle|1|MDSYS|SDO_DATUM_GEODETIC|Oracle|
oracle|1|MDSYS|SDO_DATUM_VERTICAL|Oracle|
oracle|1|MDSYS|SDO_CRS_COMPOUND|Oracle|
oracle|1|MDSYS|SDO_CRS_ENGINEERING|Oracle|
oracle|1|MDSYS|SDO_CRS_GEOCENTRIC|Oracle|
oracle|1|MDSYS|SDO_CRS_GEOGRAPHIC2D|Oracle|
oracle|1|MDSYS|SDO_CRS_GEOGRAPHIC3D|Oracle|
oracle|1|MDSYS|SDO_CRS_PROJECTED|Oracle|
oracle|1|MDSYS|SDO_CRS_VERTICAL|Oracle|
oracle|1|MDSYS|GEODETIC_SRIDS|Oracle|
oracle|1|MDSYS|SDO_ANGLE_UNITS|Oracle|
oracle|1|MDSYS|SDO_AREA_UNITS|Oracle|
oracle|1|MDSYS|SDO_DIST_UNITS|Oracle|
oracle|1|MDSYS|SDO_ELLIPSOIDS_OLD_FORMAT|Oracle|
oracle|1|MDSYS|SDO_PROJECTIONS_OLD_FORMAT|Oracle|
oracle|1|MDSYS|SDO_DATUMS_OLD_FORMAT|Oracle|
oracle|1|MDSYS|MY_SDO_INDEX_METADATA|Oracle|
oracle|1|MDSYS|USER_SDO_INDEX_METADATA|Oracle|
oracle|1|MDSYS|ALL_SDO_INDEX_METADATA|Oracle|
oracle|1|MDSYS|USER_SDO_INDEX_HISTOGRAM|Oracle|
oracle|1|MDSYS|ALL_SDO_INDEX_HISTOGRAM|Oracle|
oracle|1|MDSYS|USER_SDO_INDEX_INFO|Oracle|
oracle|1|MDSYS|ALL_SDO_INDEX_INFO|Oracle|
oracle|1|MDSYS|USER_SDO_DIAG_MESSAGES|Oracle|
oracle|1|MDSYS|ALL_SDO_DIAG_MESSAGES|Oracle|
oracle|1|MDSYS|USER_SDO_LRS_METADATA|Oracle|
oracle|1|MDSYS|ALL_SDO_LRS_METADATA|Oracle|
oracle|1|MDSYS|USER_SDO_TOPO_INFO|Oracle|
oracle|1|MDSYS|ALL_SDO_TOPO_INFO|Oracle|
oracle|1|MDSYS|USER_SDO_TOPO_METADATA|Oracle|
oracle|1|MDSYS|ALL_SDO_TOPO_METADATA|Oracle|
oracle|1|MDSYS|SDO_TOPO_TRANSACT_DATA$|Oracle|
oracle|1|MDSYS|SDO_RELATEMASK_TABLE|Oracle|
oracle|1|MDSYS|DBA_GEOMETRY_COLUMNS|Oracle|
oracle|1|MDSYS|ALL_GEOMETRY_COLUMNS|Oracle|
oracle|1|MDSYS|USER_GEOMETRY_COLUMNS|Oracle|
oracle|1|MDSYS|USER_SDO_LIGHTSOURCES|Oracle|
oracle|1|MDSYS|ALL_SDO_LIGHTSOURCES|Oracle|
oracle|1|MDSYS|USER_SDO_ANIMATIONS|Oracle|
oracle|1|MDSYS|ALL_SDO_ANIMATIONS|Oracle|
oracle|1|MDSYS|USER_SDO_VIEWFRAMES|Oracle|
oracle|1|MDSYS|ALL_SDO_VIEWFRAMES|Oracle|
oracle|1|MDSYS|USER_SDO_SCENES|Oracle|
oracle|1|MDSYS|ALL_SDO_SCENES|Oracle|
oracle|1|MDSYS|USER_SDO_3DTHEMES|Oracle|
oracle|1|MDSYS|ALL_SDO_3DTHEMES|Oracle|
oracle|1|MDSYS|USER_SDO_3DTXFMS|Oracle|
oracle|1|MDSYS|ALL_SDO_3DTXFMS|Oracle|
oracle|1|MDSYS|USER_SDO_MAPS|Oracle|
oracle|1|MDSYS|ALL_SDO_MAPS|Oracle|
oracle|1|MDSYS|DBA_SDO_MAPS|Oracle|
oracle|1|MDSYS|USER_SDO_STYLES|Oracle|
oracle|1|MDSYS|ALL_SDO_STYLES|Oracle|
oracle|1|MDSYS|DBA_SDO_STYLES|Oracle|
oracle|1|MDSYS|USER_SDO_THEMES|Oracle|
oracle|1|MDSYS|ALL_SDO_THEMES|Oracle|
oracle|1|MDSYS|DBA_SDO_THEMES|Oracle|
oracle|1|MDSYS|USER_SDO_CACHED_MAPS|Oracle|
oracle|1|MDSYS|ALL_SDO_CACHED_MAPS|Oracle|
oracle|1|MDSYS|USER_ANNOTATION_TEXT_METADATA|Oracle|
oracle|1|MDSYS|ALL_ANNOTATION_TEXT_METADATA|Oracle|
oracle|1|OLAPSYS|ALL$OLAP2_AW_CATALOGS|Oracle|
oracle|1|OLAPSYS|ALL$OLAP2_AW_CATALOG_MEASURES|Oracle|
oracle|1|OLAPSYS|ALL$OLAP2_AW_PHYS_OBJ|Oracle|
oracle|1|OLAPSYS|ALL$OLAP2_AW_PHYS_OBJ_PROP|Oracle|
oracle|1|OLAPSYS|ALL$OLAP2_AW_DIMENSIONS|Oracle|
oracle|1|OLAPSYS|ALL$OLAP2_AW_ATTRIBUTES|Oracle|
oracle|1|OLAPSYS|ALL$OLAP2_AW_CUBES|Oracle|
oracle|1|OLAPSYS|ALL$OLAP2_AW_CUBE_DIM_USES|Oracle|
oracle|1|OLAPSYS|ALL$AW_DIM_ENABLED_VIEWS|Oracle|
oracle|1|OLAPSYS|ALL$AW_CUBE_ENABLED_VIEWS|Oracle|
oracle|1|OLAPSYS|ALL$AW_CUBE_ENABLED_HIERCOMBO|Oracle|
oracle|1|OLAPSYS|ALL$OLAP2_AW_DIM_LEVELS|Oracle|
oracle|1|OLAPSYS|ALL$OLAP2_AW_DIM_HIER_LVL_ORD|Oracle|
oracle|1|OLAPSYS|ALL$OLAP2_AW_CUBE_MEASURES|Oracle|
oracle|1|OLAPSYS|ALL$OLAP2_AW_CUBE_AGG_SPECS|Oracle|
oracle|1|OLAPSYS|ALL$OLAP2_AW_CUBE_AGG_MEAS|Oracle|
oracle|1|OLAPSYS|ALL$OLAP2_AW_CUBE_AGG_LVL|Oracle|
oracle|1|OLAPSYS|ALL$OLAP2_AW_CUBE_AGG_OP|Oracle|
oracle|1|MDSYS|CURRENTSESSIONTOKENMAP$|Oracle|
oracle|1|MDSYS|TOKENSESSIONMAP$|Oracle|
oracle|1|MDSYS|ROWTOKENMAP$|Oracle|
oracle|1|MDSYS|ALL_SDO_CSW_SERVICE_INFO|Oracle|
oracle|1|MDSYS|USER_SDO_CSW_SERVICE_INFO|Oracle|
oracle|1|MDSYS|ALL_SDO_GEOR_SYSDATA|Oracle|
oracle|1|MDSYS|USER_SDO_GEOR_SYSDATA|Oracle|
oracle|1|MDSYS|ALL_SDO_TIN_PC_SYSDATA|Oracle|
oracle|1|MDSYS|USER_SDO_TIN_PC_SYSDATA|Oracle|
oracle|1|MDSYS|USER_SDO_NETWORK_METADATA|Oracle|
oracle|1|MDSYS|ALL_SDO_NETWORK_METADATA|Oracle|
oracle|1|MDSYS|USER_SDO_NETWORK_CONSTRAINTS|Oracle|
oracle|1|MDSYS|ALL_SDO_NETWORK_CONSTRAINTS|Oracle|
oracle|1|MDSYS|USER_SDO_NETWORK_JAVA_OBJECTS|Oracle|
oracle|1|MDSYS|ALL_SDO_NETWORK_JAVA_OBJECTS|Oracle|
oracle|1|MDSYS|USER_SDO_NETWORK_LOCKS_WM|Oracle|
oracle|1|MDSYS|ALL_SDO_NETWORK_LOCKS_WM|Oracle|
oracle|1|MDSYS|USER_SDO_NETWORK_USER_DATA|Oracle|
oracle|1|MDSYS|ALL_SDO_NETWORK_USER_DATA|Oracle|
oracle|1|MDSYS|USER_SDO_NETWORK_HISTORIES|Oracle|
oracle|1|MDSYS|ALL_SDO_NETWORK_HISTORIES|Oracle|
oracle|1|MDSYS|USER_SDO_NETWORK_TIMESTAMPS|Oracle|
oracle|1|MDSYS|ALL_SDO_NETWORK_TIMESTAMPS|Oracle|
oracle|1|MDSYS|ALL_SDO_NETWORK_FEATURE|Oracle|
oracle|1|MDSYS|USER_SDO_NETWORK_FEATURE|Oracle|
oracle|1|MDSYS|USER_SDO_NFE_MODEL_METADATA|Oracle|
oracle|1|MDSYS|ALL_SDO_NFE_MODEL_METADATA|Oracle|
oracle|1|MDSYS|USER_SDO_NFE_MODEL_FTLAYER_REL|Oracle|
oracle|1|MDSYS|ALL_SDO_NFE_MODEL_FTLAYER_REL|Oracle|
oracle|1|MDSYS|USER_SDO_NFE_MODEL_WORKSPACE|Oracle|
oracle|1|MDSYS|ALL_SDO_NFE_MODEL_WORKSPACE|Oracle|
oracle|1|MDSYS|RDF_PARAM$|Oracle|
oracle|1|LBACSYS|OLS$TRUSTED_PROGS|Oracle|
oracle|1|LBACSYS|OLS$POLICY_COLUMNS|Oracle|
oracle|1|LBACSYS|DBA_LBAC_POLICIES|Oracle|
oracle|1|LBACSYS|CDB_LBAC_POLICIES|Oracle|
oracle|1|LBACSYS|DBA_LBAC_SCHEMA_POLICIES|Oracle|
oracle|1|LBACSYS|CDB_LBAC_SCHEMA_POLICIES|Oracle|
oracle|1|LBACSYS|DBA_LBAC_TABLE_POLICIES|Oracle|
oracle|1|LBACSYS|CDB_LBAC_TABLE_POLICIES|Oracle|
oracle|1|LBACSYS|DBA_SA_POLICIES|Oracle|
oracle|1|LBACSYS|CDB_SA_POLICIES|Oracle|
oracle|1|LBACSYS|DBA_SA_SCHEMA_POLICIES|Oracle|
oracle|1|LBACSYS|CDB_SA_SCHEMA_POLICIES|Oracle|
oracle|1|LBACSYS|DBA_SA_TABLE_POLICIES|Oracle|
oracle|1|LBACSYS|CDB_SA_TABLE_POLICIES|Oracle|
oracle|1|LBACSYS|SA$POL|Oracle|
oracle|1|LBACSYS|SA$ADMIN|Oracle|
oracle|1|LBACSYS|ALL_SA_POLICIES|Oracle|
oracle|1|LBACSYS|ALL_SA_SCHEMA_POLICIES|Oracle|
oracle|1|LBACSYS|ALL_SA_TABLE_POLICIES|Oracle|
oracle|1|LBACSYS|DBA_LBAC_DATA_LABELS|Oracle|
oracle|1|LBACSYS|CDB_LBAC_DATA_LABELS|Oracle|
oracle|1|LBACSYS|DBA_LBAC_LABELS|Oracle|
oracle|1|LBACSYS|CDB_LBAC_LABELS|Oracle|
oracle|1|LBACSYS|DBA_LBAC_LABEL_TAGS|Oracle|
oracle|1|LBACSYS|CDB_LBAC_LABEL_TAGS|Oracle|
oracle|1|LBACSYS|DBA_SA_LABELS|Oracle|
oracle|1|LBACSYS|CDB_SA_LABELS|Oracle|
oracle|1|LBACSYS|DBA_SA_DATA_LABELS|Oracle|
oracle|1|LBACSYS|CDB_SA_DATA_LABELS|Oracle|
oracle|1|LBACSYS|DBA_SA_LEVELS|Oracle|
oracle|1|LBACSYS|CDB_SA_LEVELS|Oracle|
oracle|1|LBACSYS|DBA_SA_COMPARTMENTS|Oracle|
oracle|1|LBACSYS|CDB_SA_COMPARTMENTS|Oracle|
oracle|1|LBACSYS|DBA_SA_GROUPS|Oracle|
oracle|1|LBACSYS|CDB_SA_GROUPS|Oracle|
oracle|1|LBACSYS|DBA_SA_GROUP_HIERARCHY|Oracle|
oracle|1|LBACSYS|CDB_SA_GROUP_HIERARCHY|Oracle|
oracle|1|LBACSYS|DBA_SA_USER_LEVELS|Oracle|
oracle|1|LBACSYS|CDB_SA_USER_LEVELS|Oracle|
oracle|1|LBACSYS|DBA_SA_USER_COMPARTMENTS|Oracle|
oracle|1|LBACSYS|CDB_SA_USER_COMPARTMENTS|Oracle|
oracle|1|LBACSYS|DBA_SA_USER_GROUPS|Oracle|
oracle|1|LBACSYS|CDB_SA_USER_GROUPS|Oracle|
oracle|1|LBACSYS|DBA_OLS_USERS|Oracle|
oracle|1|LBACSYS|CDB_OLS_USERS|Oracle|
oracle|1|LBACSYS|DBA_SA_USERS|Oracle|
oracle|1|LBACSYS|CDB_SA_USERS|Oracle|
oracle|1|LBACSYS|DBA_SA_USER_LABELS|Oracle|
oracle|1|LBACSYS|CDB_SA_USER_LABELS|Oracle|
oracle|1|LBACSYS|DBA_SA_USER_PRIVS|Oracle|
oracle|1|LBACSYS|CDB_SA_USER_PRIVS|Oracle|
oracle|1|LBACSYS|DBA_SA_PROGRAMS|Oracle|
oracle|1|LBACSYS|CDB_SA_PROGRAMS|Oracle|
oracle|1|LBACSYS|DBA_SA_PROG_PRIVS|Oracle|
oracle|1|LBACSYS|CDB_SA_PROG_PRIVS|Oracle|
oracle|1|LBACSYS|ALL_SA_LABELS|Oracle|
oracle|1|LBACSYS|ALL_SA_DATA_LABELS|Oracle|
oracle|1|LBACSYS|ALL_SA_LEVELS|Oracle|
oracle|1|LBACSYS|ALL_SA_COMPARTMENTS|Oracle|
oracle|1|LBACSYS|ALL_SA_GROUPS|Oracle|
oracle|1|LBACSYS|ALL_SA_GROUP_HIERARCHY|Oracle|
oracle|1|LBACSYS|ALL_SA_USER_LEVELS|Oracle|
oracle|1|LBACSYS|ALL_SA_USER_COMPARTMENTS|Oracle|
oracle|1|LBACSYS|ALL_SA_USER_GROUPS|Oracle|
oracle|1|LBACSYS|ALL_SA_USERS|Oracle|
oracle|1|LBACSYS|ALL_SA_USER_LABELS|Oracle|
oracle|1|LBACSYS|ALL_SA_PROGRAMS|Oracle|
oracle|1|LBACSYS|ALL_SA_USER_PRIVS|Oracle|
oracle|1|LBACSYS|ALL_SA_PROG_PRIVS|Oracle|
oracle|1|LBACSYS|USER_SA_SESSION|Oracle|
oracle|1|LBACSYS|DBA_OLS_AUDIT_OPTIONS|Oracle|
oracle|1|LBACSYS|CDB_OLS_AUDIT_OPTIONS|Oracle|
oracle|1|LBACSYS|DBA_SA_AUDIT_OPTIONS|Oracle|
oracle|1|LBACSYS|CDB_SA_AUDIT_OPTIONS|Oracle|
oracle|1|LBACSYS|ALL_SA_AUDIT_OPTIONS|Oracle|
oracle|1|LBACSYS|DBA_OLS_STATUS|Oracle|
oracle|1|LBACSYS|CDB_OLS_STATUS|Oracle|
oracle|1|DVSYS|DV$ENFORCEMENT_AUDIT|Oracle|
oracle|1|DVSYS|DV$CONFIGURATION_AUDIT|Oracle|
oracle|1|AUDSYS|DV$CONFIGURATION_AUDIT|Oracle|
oracle|1|AUDSYS|DV$ENFORCEMENT_AUDIT|Oracle|
oracle|1|DVSYS|DV$CODE|Oracle|
oracle|1|DVSYS|DV$FACTOR_TYPE|Oracle|
oracle|1|DVSYS|DV$RULE_SET|Oracle|
oracle|1|DVSYS|DV$RULE|Oracle|
oracle|1|DVSYS|DV$RULE_SET_RULE|Oracle|
oracle|1|DVSYS|DV$COMMAND_RULE|Oracle|
oracle|1|DVSYS|DV$FACTOR|Oracle|
oracle|1|DVSYS|DV$FACTOR_LINK|Oracle|
oracle|1|DVSYS|DV$IDENTITY|Oracle|
oracle|1|DVSYS|DV$IDENTITY_MAP|Oracle|
oracle|1|DVSYS|DV$MAC_POLICY|Oracle|
oracle|1|DVSYS|DV$MAC_POLICY_FACTOR|Oracle|
oracle|1|DVSYS|DV$OLS_POLICY|Oracle|
oracle|1|DVSYS|DV$OLS_POLICY_LABEL|Oracle|
oracle|1|DVSYS|DV$POLICY_LABEL|Oracle|
oracle|1|DVSYS|DV$REALM|Oracle|
oracle|1|DVSYS|DV$REALM_AUTH|Oracle|
oracle|1|DVSYS|DV$REALM_OBJECT|Oracle|
oracle|1|DVSYS|DV$ROLE|Oracle|
oracle|1|DVSYS|DV$SYS_GRANTEE|Oracle|
oracle|1|DVSYS|DV_OWNER_GRANTEES|Oracle|
oracle|1|DVSYS|DV_ADMIN_GRANTEES|Oracle|
oracle|1|DVSYS|DV_SECANALYST_GRANTEES|Oracle|
oracle|1|DVSYS|DV_MONITOR_GRANTEES|Oracle|
oracle|1|DVSYS|DV_AUDIT_CLEANUP_GRANTEES|Oracle|
oracle|1|DVSYS|DV$SYS_OBJECT|Oracle|
oracle|1|DVSYS|DV$SYS_OBJECT_OWNER|Oracle|
oracle|1|DVSYS|DBA_DV_CODE|Oracle|
oracle|1|DVSYS|DBA_DV_COMMAND_RULE|Oracle|
oracle|1|DVSYS|DBA_DV_FACTOR|Oracle|
oracle|1|DVSYS|DBA_DV_FACTOR_LINK|Oracle|
oracle|1|DVSYS|DBA_DV_FACTOR_TYPE|Oracle|
oracle|1|DVSYS|DBA_DV_IDENTITY|Oracle|
oracle|1|DVSYS|DBA_DV_IDENTITY_MAP|Oracle|
oracle|1|DVSYS|DBA_DV_MAC_POLICY|Oracle|
oracle|1|DVSYS|DBA_DV_MAC_POLICY_FACTOR|Oracle|
oracle|1|DVSYS|DBA_DV_POLICY_LABEL|Oracle|
oracle|1|DVSYS|DBA_DV_REALM|Oracle|
oracle|1|DVSYS|DBA_DV_REALM_AUTH|Oracle|
oracle|1|DVSYS|DBA_DV_REALM_OBJECT|Oracle|
oracle|1|DVSYS|DBA_DV_ROLE|Oracle|
oracle|1|DVSYS|DBA_DV_RULE|Oracle|
oracle|1|DVSYS|DBA_DV_RULE_SET_RULE|Oracle|
oracle|1|DVSYS|DBA_DV_RULE_SET|Oracle|
oracle|1|DVSYS|DBA_DV_USER_PRIVS|Oracle|
oracle|1|DVSYS|DBA_DV_USER_PRIVS_ALL|Oracle|
oracle|1|DVSYS|DBA_DV_PUB_PRIVS|Oracle|
oracle|1|DVSYS|DBA_DV_JOB_AUTH|Oracle|
oracle|1|DVSYS|DBA_DV_DATAPUMP_AUTH|Oracle|
oracle|1|DVSYS|DBA_DV_TTS_AUTH|Oracle|
oracle|1|DVSYS|DBA_DV_PROXY_AUTH|Oracle|
oracle|1|DVSYS|DBA_DV_DDL_AUTH|Oracle|
oracle|1|DVSYS|DBA_DV_MAINTENANCE_AUTH|Oracle|
oracle|1|DVSYS|DBA_DV_AUTH|Oracle|
oracle|1|DVSYS|DBA_DV_PREPROCESSOR_AUTH|Oracle|
oracle|1|DVSYS|DBA_DV_DIAGNOSTIC_AUTH|Oracle|
oracle|1|DVSYS|DBA_DV_INDEX_FUNCTION|Oracle|
oracle|1|DVSYS|DBA_DV_DBCAPTURE_AUTH|Oracle|
oracle|1|DVSYS|DBA_DV_DBREPLAY_AUTH|Oracle|
oracle|1|DVSYS|DBA_DV_PATCH_ADMIN_AUDIT|Oracle|
oracle|1|DVSYS|DBA_DV_ORADEBUG|Oracle|
oracle|1|DVSYS|DBA_DV_DICTIONARY_ACCTS|Oracle|
oracle|1|DVSYS|DBA_DV_DEBUG_CONNECT_AUTH|Oracle|
oracle|1|DVSYS|DBA_DV_APP_EXCEPTION|Oracle|
oracle|1|DVSYS|DV$POLICY|Oracle|
oracle|1|DVSYS|DBA_DV_COMMAND_RULE_ID|Oracle|
oracle|1|DVSYS|DBA_DV_POLICY|Oracle|
oracle|1|DVSYS|DBA_DV_POLICY_OBJECT|Oracle|
oracle|1|DVSYS|DBA_DV_POLICY_OWNER|Oracle|
oracle|1|DVSYS|POLICY_OWNER_POLICY|Oracle|
oracle|1|DVSYS|POLICY_OWNER_POLICY_OBJECT|Oracle|
oracle|1|DVSYS|POLICY_OWNER_REALM|Oracle|
oracle|1|DVSYS|POLICY_OWNER_REALM_AUTH|Oracle|
oracle|1|DVSYS|POLICY_OWNER_REALM_OBJECT|Oracle|
oracle|1|DVSYS|POLICY_OWNER_COMMAND_RULE|Oracle|
oracle|1|DVSYS|POLICY_OWNER_RULE_SET|Oracle|
oracle|1|DVSYS|POLICY_OWNER_RULE_SET_RULE|Oracle|
oracle|1|DVSYS|POLICY_OWNER_RULE|Oracle|
oracle|1|DVSYS|KU$_DV_ISR_VIEW|Oracle|
oracle|1|DVSYS|KU$_DV_ISRM_VIEW|Oracle|
oracle|1|DVSYS|KU$_DV_REALM_VIEW|Oracle|
oracle|1|DVSYS|KU$_DV_REALM_MEMBER_VIEW|Oracle|
oracle|1|DVSYS|KU$_DV_REALM_AUTH_VIEW|Oracle|
oracle|1|DVSYS|KU$_DV_RULE_VIEW|Oracle|
oracle|1|DVSYS|KU$_DV_RULE_SET_VIEW|Oracle|
oracle|1|DVSYS|KU$_DV_RULE_SET_MEMBER_VIEW|Oracle|
oracle|1|DVSYS|KU$_DV_COMMAND_RULE_VIEW|Oracle|
oracle|1|DVSYS|KU$_DV_COMM_RULE_ALTS_V|Oracle|
oracle|1|DVSYS|KU$_DV_ROLE_VIEW|Oracle|
oracle|1|DVSYS|KU$_DV_FACTOR_VIEW|Oracle|
oracle|1|DVSYS|KU$_DV_FACTOR_LINK_VIEW|Oracle|
oracle|1|DVSYS|KU$_DV_FACTOR_TYPE_VIEW|Oracle|
oracle|1|DVSYS|KU$_DV_IDENTITY_VIEW|Oracle|
oracle|1|DVSYS|KU$_DV_IDENTITY_MAP_VIEW|Oracle|
oracle|1|DVSYS|KU$_DV_POLICY_V|Oracle|
oracle|1|DVSYS|KU$_DV_POLICY_OBJ_R_V|Oracle|
oracle|1|DVSYS|KU$_DV_POLICY_OBJ_C_V|Oracle|
oracle|1|DVSYS|KU$_DV_POLICY_OBJ_C_ALTS_V|Oracle|
oracle|1|DVSYS|KU$_DV_POLICY_OWNER_V|Oracle|
oracle|1|DVSYS|KU$_DV_AUTH_DP_V|Oracle|
oracle|1|DVSYS|KU$_DV_AUTH_AP_V|Oracle|
oracle|1|DVSYS|KU$_DV_AUTH_TTS_V|Oracle|
oracle|1|DVSYS|KU$_DV_AUTH_JOB_V|Oracle|
oracle|1|DVSYS|KU$_DV_AUTH_PROXY_V|Oracle|
oracle|1|DVSYS|KU$_DV_AUTH_DDL_V|Oracle|
oracle|1|DVSYS|KU$_DV_AUTH_PREP_V|Oracle|
oracle|1|DVSYS|KU$_DV_AUTH_MAINT_V|Oracle|
oracle|1|DVSYS|KU$_DV_AUTH_DIAG_V|Oracle|
oracle|1|DVSYS|KU$_DV_INDEX_FUNC_V|Oracle|
oracle|1|DVSYS|KU$_DV_AUTH_DBCAPTURE_V|Oracle|
oracle|1|DVSYS|KU$_DV_AUTH_DBREPLAY_V|Oracle|
oracle|1|DVSYS|KU$_DV_ORADEBUG_V|Oracle|
oracle|1|DVSYS|KU$_DV_ACCTS_V|Oracle|
oracle|1|DVSYS|DBA_DV_STATUS|Oracle|
oracle|1|DVSYS|DBA_DV_SIMULATION_LOG|Oracle|
oracle|1|DVSYS|EVENT_STATUS|Oracle|
oracle|1|DVSYS|DV$OUT|Oracle|
